{
  "high": 0.48484848484848486,
  "medium": 1.5555555555555556,
  "critical": 3.5,
  "low": 0.9911504424778761
}